donor,recipient,donor_alt_frequency,recipient_alt_frequency,func,ref_pos_alt,recipient_count
gz4925,gz5087,0.066964873,0,A,A12413T,2
gz4925,gz5087,0,0.058680754,S,T29575C,2
gz4925,gz5087,0,0.079880728,A,T27049C,2
gz5266,gz5265,0.594011449,0.997264521,S,A6823G,1
gz5266,gz5265,0,0.053152804,A,T27049C,1
gz5256,gz5316,0.057541768,0,A,T27049C,4
gz5256,gz5316,0.996449658,0.999645667,S,T17838C,4
gz5256,gz5316,0.081694821,0.870348229,S,C925T,4
gz5086,gz5287,0.054938008,0,S,T29575C,2
gz5086,gz5287,0.105689048,0.059349075,A,T27049C,2
gz5086,gz5287,0,0.058565154,A,A1769G,2
gz5086,gz5287,0.066586538,0,S,C29119T,2
gz5229,gz5254,0.098257653,0.055678689,A,T27049C,3
gz5229,gz5318,0.098257653,0.059484858,A,T27049C,3
gz5229,gz5318,0,0.050913838,A,G22081T,3
gz5449,gz5447,0.063157895,0,A,A10218T,3
gz5449,gz5447,0.1,0.063218391,A,A10218G,3
gz5237,gz5288,0,0.058327102,S,C8917T,8
gz5237,gz5288,0,0.060753736,A,C2508T,8
gz5237,gz5288,0.086631837,0.053246505,A,T27049C,8
gz5237,gz5252,0.086631837,0.056638961,A,T27049C,8
gz5123,gz5301,0.085718217,0.056011135,A,T27049C,8
gz5123,gz5301,0.050743817,0,S,T29575C,8
gz5123,gz5301,0,0.059419148,A,A24105G,8
gz5123,gz5301,0,0.077464789,A,A10218T,8
gz5173,gz5302,0.085191083,0.056858364,A,T27049C,2
gz5173,gz5302,0,0.799682742,A,G8849T,2
gz5123,gz5256,0.085718217,0.057541768,A,T27049C,8
gz5123,gz5256,0.050743817,0,S,T29575C,8
gz5123,gz5256,0,0.996449658,S,T17838C,8
gz5123,gz5256,0,0.081694821,S,C925T,8
gz5123,gz5255,0.085718217,0.059563589,A,T27049C,8
gz5123,gz5255,0,0.071897645,S,G18756A,8
gz5123,gz5255,0.050743817,0,S,T29575C,8
gz5288,gz5214,0.053246505,0.076680002,A,T27049C,6
gz5288,gz5214,0,0.359800053,A,T3488G,6
gz5288,gz5214,0.058327102,0,S,C8917T,6
gz5288,gz5214,0.060753736,0,A,C2508T,6
gz5288,gz5214,0,0.093017523,A,T15156A,6
gz5288,gz5214,0,0.997437936,A,G11083T,6
gz5288,gz5214,0,0.057560755,S,T15156C,6
gz5288,gz5214,0,0.065375854,S,T29575C,6
gz5256,gz5312,0.057541768,0,A,T27049C,4
gz5256,gz5312,0,0.10965542,A,G28314T,4
gz5256,gz5312,0,0.128289474,S,C7948T,4
gz5256,gz5312,0.996449658,0.999201278,S,T17838C,4
gz5256,gz5312,0.081694821,0.104670659,S,C925T,4
gz5449,gz5448,0.063157895,0.085714286,A,A10218T,3
gz5449,gz5448,0.1,0.08,A,A10218G,3
gz5449,gz5448,0,0.996944768,A,G17964T,3
gz5086,gz5157,0.105689048,0.079003559,A,T27049C,2
gz5086,gz5157,0.066586538,0,S,C29119T,2
gz5086,gz5157,0.054938008,0.052788845,S,T29575C,2
gz5087,gz5086,0,0.066586538,S,C29119T,11
gz5087,gz5086,0.079880728,0.105689048,A,T27049C,11
gz5087,gz5086,0.058680754,0.054938008,S,T29575C,11
gz5237,gz5229,0.086631837,0.098257653,A,T27049C,8
gz5403,gz5404,0.06313037,0.061054228,S,T29575C,3
gz5403,gz5404,0.055027447,0,A,G22021T,3
gz5403,gz5404,0.998046264,0.998220884,S,C7844T,3
gz5403,gz5404,0.053520457,0,A,A29526G,3
gz5403,gz5402,0.055027447,0,A,G22021T,3
gz5403,gz5402,0,0.95556623,A,C22713A,3
gz5403,gz5402,0.053520457,0,A,A29526G,3
gz5403,gz5402,0.998046264,0.998126775,S,C7844T,3
gz5403,gz5402,0.06313037,0.05994019,S,T29575C,3
gz5403,gz5402,0,0.172192681,S,C7423T,3
gz5087,gz5390,0,0.079337402,S,A3643G,11
gz5087,gz5390,0.079880728,0,A,T27049C,11
gz5087,gz5390,0.058680754,0.053313024,S,T29575C,11
gz5087,gz5123,0.079880728,0.085718217,A,T27049C,11
gz5087,gz5123,0.058680754,0.050743817,S,T29575C,11
gz5087,gz5125,0,0.22419102899999999,A,T26302A,11
gz5087,gz5125,0,0.231444208,S,T26301A,11
gz5087,gz5125,0,0.184147833,S,C22388T,11
gz5087,gz5125,0.058680754,0,S,T29575C,11
gz5087,gz5125,0.079880728,0.087201181,A,T27049C,11
gz5288,gz5310,0.060753736,0,A,C2508T,6
gz5288,gz5310,0.053246505,0.050033208,A,T27049C,6
gz5288,gz5310,0.058327102,0,S,C8917T,6
gz5087,gz5172,0,0.966025329,A,C6120T,11
gz5087,gz5172,0,0.050545934,A,G24098T,11
gz5087,gz5172,0.079880728,0.081855976,A,T27049C,11
gz5087,gz5172,0.058680754,0.051302932,S,T29575C,11
gz5237,gz5173,0.086631837,0.085191083,A,T27049C,8
gz5237,gz5219,0,0.997975598,A,C25516T,8
gz5237,gz5219,0,0.228596724,S,C18747T,8
gz5237,gz5219,0,0.05781866,S,T29575C,8
gz5237,gz5219,0.086631837,0.09285661,A,T27049C,8
gz5237,gz5238,0.086631837,0.088705634,A,T27049C,8
gz5237,gz5238,0,0.657812378,S,A6403G,8
gz5237,gz5238,0,0.052595085,A,A1475G,8
gz5288,gz5286,0.058327102,0,S,C8917T,6
gz5288,gz5286,0,0.998356345,A,A26170G,6
gz5288,gz5286,0.053246505,0.05649193,A,T27049C,6
gz5288,gz5286,0.060753736,0,A,C2508T,6
gz5288,gz5284,0.053246505,0.055236927,A,T27049C,6
gz5288,gz5284,0.058327102,0,S,C8917T,6
gz5288,gz5284,0.060753736,0,A,C2508T,6
gz5288,gz5283,0.060753736,0,A,C2508T,6
gz5288,gz5283,0.058327102,0,S,C8917T,6
gz5288,gz5283,0.053246505,0.060453738,A,T27049C,6
gz5237,gz5226,0.086631837,0.085481357,A,T27049C,8
gz5256,gz5257,0.996449658,0,S,T17838C,4
gz5256,gz5257,0,0.184475323,A,C6255T,4
gz5256,gz5257,0,0.120858609,S,C23086T,4
gz5256,gz5257,0,0.996073812,A,C12468T,4
gz5256,gz5257,0,0.058035714,A,A1740G,4
gz5256,gz5257,0.057541768,0.056434475,A,T27049C,4
gz5256,gz5257,0.081694821,0,S,C925T,4
gz5255,gz5257,0,0.058035714,A,A1740G,2
gz5255,gz5257,0,0.996073812,A,C12468T,2
gz5255,gz5257,0,0.120858609,S,C23086T,2
gz5255,gz5257,0.071897645,0,S,G18756A,2
gz5255,gz5257,0,0.184475323,A,C6255T,2
gz5255,gz5257,0.059563589,0.056434475,A,T27049C,2
gz5220,gz5230,0.051323176,0.051609323,S,T29575C,2
gz5220,gz5230,0.087106461,0.089053401,A,T27049C,2
gz5220,gz5230,0.998072019,0.998145179,A,C506T,2
gz5220,gz5230,0,0.050839764,A,G14829A,2
gz5229,gz5235,0,0.051159531,A,G29234T,3
gz5229,gz5235,0,0.051151487,S,T29575C,3
gz5229,gz5235,0.098257653,0.100943051,A,T27049C,3
gz5237,gz5236,0,0.059225764,A,C897T,8
gz5237,gz5236,0,0.054027179,S,T29575C,8
gz5237,gz5236,0.086631837,0.092757597,A,T27049C,8
gz5087,gz5237,0.079880728,0.086631837,A,T27049C,11
gz5087,gz5237,0.058680754,0,S,T29575C,11
gz5087,gz5220,0.058680754,0.051323176,S,T29575C,11
gz5087,gz5220,0,0.998072019,A,C506T,11
gz5087,gz5220,0.079880728,0.087106461,A,T27049C,11
gz5123,gz5449,0,0.1,A,A10218G,8
gz5256,gz5432,0.996449658,0,S,T17838C,4
gz5256,gz5432,0,0.050847458,A,G10233C,4
gz5392,gz5433,0.071047527,0,S,T14208C,2
gz5392,gz5433,0,0.057971014,A,G10233C,2
gz5123,gz5449,0,0.063157895,A,A10218T,8
gz5123,gz5449,0.050743817,0,S,T29575C,8
gz5392,gz5434,0,0.113306905,A,G22346T,2
gz5123,gz5449,0.085718217,0,A,T27049C,8
gz5392,gz5434,0,0.051900286,A,C28422T,2
gz5392,gz5434,0.071047527,0,S,T14208C,2
gz5432,gz5471,0,0.065989848,S,A10219G,2
gz5443,gz5480,0,0.071090047,A,A10218G,1
gz5288,gz5479,0,0.063436374,A,T28662C,6
gz5288,gz5479,0.058327102,0,S,C8917T,6
gz5288,gz5479,0.060753736,0,A,C2508T,6
gz5288,gz5479,0.053246505,0,A,T27049C,6
gz5432,gz5474,0,0.106691539,A,C8655T,2
gz5432,gz5474,0,0.072992701,A,A10218G,2
gz5432,gz5474,0.050847458,0,A,G10233C,2
gz5432,gz5471,0,0.065256298,NC,C29769T,2
gz5432,gz5471,0,0.136467148,A,A29649G,2
gz5432,gz5471,0,0.143968803,A,T1029C,2
gz5449,gz5450,0.063157895,0,A,A10218T,3
gz5432,gz5471,0,0.086330935,A,A10218G,2
gz5432,gz5471,0.050847458,0,A,G10233C,2
gz5399,gz5458,0,0.06504065,A,C10209G,4
gz5399,gz5458,0.095176967,0,A,G15327T,4
gz5399,gz5458,0.997804527,0.997807472,S,C7844T,4
gz5220,gz5452,0,0.21431468,S,T25938C,2
gz5220,gz5452,0.998072019,0.997717987,A,C506T,2
gz5220,gz5452,0.051323176,0,S,T29575C,2
gz5220,gz5452,0.087106461,0,A,T27049C,2
gz5449,gz5450,0.1,0,A,A10218G,3
gz5256,gz5432,0.081694821,0,S,C925T,4
gz4925,gz5002,0,0.105532618,A,T27049C,2
gz5256,gz5432,0.057541768,0,A,T27049C,4
gz5123,gz5392,0.085718217,0,A,T27049C,8
gz5403,gz5401,0.053520457,0,A,A29526G,3
gz5403,gz5401,0.055027447,0,A,G22021T,3
gz5403,gz5401,0.998046264,0.996280223,S,C7844T,3
gz5403,gz5401,0.06313037,0,S,T29575C,3
gz5399,gz5401,0.095176967,0,A,G15327T,4
gz5399,gz5401,0.997804527,0.996280223,S,C7844T,4
gz5123,gz5392,0,0.071047527,S,T14208C,8
gz5123,gz5392,0.050743817,0,S,T29575C,8
gz5087,gz5391,0.058680754,0,S,T29575C,11
gz5255,gz5432,NA,0.050847458,A,G10233C,2
gz5087,gz5391,0.079880728,0,A,T27049C,11
gz4925,gz5002,0.066964873,0,A,A12413T,2
gz5123,gz5266,0,0.594011449,S,A6823G,8
gz5123,gz5266,0.050743817,0,S,T29575C,8
gz5123,gz5266,0.085718217,0,A,T27049C,8
gz4925,gz5002,0,0.105508146,S,T21673C,2
gz4925,gz5002,0,0.487654321,S,C337T,2
gz4925,gz5002,0,0.055966587,S,T29575C,2
gz5399,gz5402,0,0.05994019,S,T29575C,4
gz5399,gz5402,0,0.172192681,S,C7423T,4
gz5399,gz5402,0.997804527,0.998126775,S,C7844T,4
gz5255,gz5432,0.071897645,0,S,G18756A,2
gz5255,gz5432,0.059563589,0,A,T27049C,2
gz5423,gz5430,0.116776316,0,NC,C103T,2
gz5423,gz5429,0,0.05322379,S,G14118A,2
gz5423,gz5429,0.116776316,0,NC,C103T,2
gz5423,gz5429,0,0.076460481,A,C28422T,2
gz5423,gz5429,0,0.060733763,A,G26372A,2
gz5123,gz5423,0,0.116776316,NC,C103T,8
gz5123,gz5423,0.050743817,0,S,T29575C,8
gz5123,gz5423,0.085718217,0,A,T27049C,8
gz5123,gz5422,0.050743817,0,S,T29575C,8
gz5123,gz5422,0.085718217,0,A,T27049C,8
gz5399,gz5404,0.095176967,0,A,G15327T,4
gz5399,gz5404,0.997804527,0.998220884,S,C7844T,4
gz5399,gz5404,0,0.061054228,S,T29575C,4
gz5399,gz5402,0.095176967,0,A,G15327T,4
gz5399,gz5402,0,0.95556623,A,C22713A,4
gz5443,gz5480,0,0.997187391,A,G27271T,1
CoV_003,NA,0.167822,0,A,G376C,3
CoV_003,CoV_143,0.034438,0.029088,A,A1072C,3
CoV_003,NA,0.167822,0,A,G376C,3
CoV_003,CoV_146,0.034438,0.029914,A,A1072C,3
CoV_150,CoV_162,0.042474,0.03079,A,A1072C,2
CoV_150,NA,0.151817,0,S,T3877G,2
CoV_150,CoV_162,0.036603,0.036246,A,A11052C,2
CoV_162,CoV_161,0.03079,0.034367,A,A1072C,2
CoV_162,CoV_161,0.036246,0.041712,A,A11052C,2
CoV_162,NA,0.093258,0,S,C19572T,2
CoV_1056,CoV_166,0.041483,0.040137,A,A1072C,6
CoV_1056,CoV_166,0.044259,0.036041,A,A11052C,6
CoV_1056,CoV_1057,0.041483,0.039807,A,A1072C,6
CoV_1056,CoV_1057,0.044259,0.027808,A,A11052C,6
CoV_1056,CoV_176,0.041483,0.035028,A,A1072C,6
CoV_1056,CoV_176,0.044259,0.041059,A,A11052C,6
CoV_1056,NA,0.041483,0,A,A1072C,6
CoV_1056,CoV_171,0.044259,0.037262,A,A11052C,6
CoV_1056,CoV_1067,0.041483,0.036943,A,A1072C,6
CoV_1056,CoV_1067,0.044259,0.040097,A,A11052C,6
CoV_171,NA,0.349642,0,S,T4747C,2
CoV_171,CoV_180,0.037262,0.039127,A,A11052C,2
CoV_171,NA,0.030308,0,A,G18677T,2
CoV_180,CoV_197,0.039708,0.039758,A,A1072C,2
CoV_180,CoV_197,0.039127,0.03645,A,A11052C,2
CoV_180,NA,0.307406,0,A,G14335T,2
CoV_1057,NA,0.039807,0,A,A1072C,5
CoV_1057,CoV_177,0.035904,0.99502,S,C20457T,5
CoV_1057,NA,0.052551,0,S,C27684T,5
CoV_1057,CoV_175,0.039807,0.032164,A,A1072C,5
CoV_1057,CoV_175,0.035904,0.241417,S,C20457T,5
CoV_1057,NA,0.052551,0,S,C27684T,5
CoV_1057,CoV_1058,0.039807,0.051109,A,A1072C,5
CoV_1057,CoV_1058,0.035904,0.996557,S,C20457T,5
CoV_1057,NA,0.052551,0,S,C27684T,5
CoV_1057,CoV_187,0.039807,0.034679,A,A1072C,5
CoV_1057,CoV_187,0.035904,0.996188,S,C20457T,5
CoV_1057,NA,0.052551,0,S,C27684T,5
CoV_1058,CoV_1063,0.051109,0.040357,A,A1072C,4
CoV_1058,NA,0.033021,0,S,C1204T,4
CoV_1058,CoV_1063,0.04444,0.037364,A,A11052C,4
CoV_1058,CoV_1064,0.051109,0.033128,A,A1072C,4
CoV_1058,NA,0.033021,0,S,C1204T,4
CoV_1058,CoV_1064,0.04444,0.033686,A,A11052C,4
CoV_1058,CoV_1059,0.051109,0.049601,A,A1072C,4
CoV_1058,NA,0.033021,0,S,C1204T,4
CoV_1058,CoV_1059,0.04444,0.038114,A,A11052C,4
CoV_1059,CoV_1062,0.049601,0.045023,A,A1072C,3
CoV_1059,CoV_1062,0.038114,0.041295,A,A11052C,3
CoV_1059,CoV_1065,0.049601,0.040306,A,A1072C,3
CoV_1059,CoV_1065,0.038114,0.040188,A,A11052C,3
CoV_1062,CoV_218,0.045023,0.029176,A,A1072C,4
CoV_1062,CoV_218,0.041295,0.036018,A,A11052C,4
CoV_1062,CoV_218,0.415851,0.995722,S,T11273G,4
CoV_1062,NA,0.082537,0,A,T25406G,4
CoV_1062,CoV_219,0.045023,0.034111,A,A1072C,4
CoV_1062,CoV_219,0.041295,0.034165,A,A11052C,4
CoV_1062,CoV_219,0.415851,0.996231,S,T11273G,4
CoV_1062,NA,0.082537,0,A,T25406G,4
CoV_1062,CoV_217,0.045023,0.027162,A,A1072C,4
CoV_1062,CoV_217,0.041295,0.033304,A,A11052C,4
CoV_1062,CoV_217,0.415851,0.995218,S,T11273G,4
CoV_1062,NA,0.082537,0,A,T25406G,4
CoV_217,CoV_256,0.033304,0.034489,A,A11052C,2
CoV_187,NA,0.123501,0,A,T456C,2
CoV_187,NA,0.121272,0,A,T733G,2
CoV_187,CoV_1068,0.034679,0.033598,A,A1072C,2
CoV_187,CoV_1068,0.065901,0.005073,A,C1113A,2
CoV_187,NA,0.064169,0,S,T1114G,2
CoV_187,NA,0.076236,0,S,C1150T,2
CoV_187,NA,0.078938,0,S,A1819G,2
CoV_187,NA,0.260271,0,S,T4969C,2
CoV_187,NA,0.182815,0,S,C9811T,2
CoV_187,NA,0.235521,0,A,G10095T,2
CoV_187,CoV_1068,0.040683,0.03714,A,A11053C,2
CoV_187,NA,0.102075,0,S,A15828G,2
CoV_187,NA,0.086742,0,S,G17051T,2
CoV_187,NA,0.10411,0,S,C17650T,2
CoV_187,NA,0.030022,0,A,A17758G,2
CoV_187,NA,0.072295,0,A,A18221T,2
CoV_187,NA,0.192308,0,A,T20170A,2
CoV_187,NA,0.056032,0,S,A21082G,2
CoV_187,NA,0.092221,0,S,C22803A,2
CoV_187,NA,0.122128,0,S,A24781G,2
CoV_187,NA,0.161706,0,S,G26655T,2
CoV_187,NA,0.119057,0,S,T27223C,2
CoV_1067,NA,0.036943,0,A,A1072C,2
CoV_1067,NA,0.085554,0,S,C7528T,2
CoV_1067,NA,0.04486,0,A,C9228T,2
CoV_1067,CoV_183,0.040097,0.036011,A,A11052C,2
CoV_1067,NA,0.055202,0,A,A14601G,2
CoV_1067,NA,0.055556,0,S,A21282C,2
CoV_1067,NA,0.061917,0,A,C27879T,2
CoV_198,CoV_230,0.218211,0.171102,S,T9665C,2
CoV_198,CoV_230,0.038325,0.040484,A,A11052C,2
CoV_198,NA,0.044517,0,S,C25638T,2
CoV_273,NA,0.095412,0,A,G968T,2
CoV_273,NA,0.045911,0,A,T998C,2
CoV_273,NA,0.137771,0,A,G1070T,2
CoV_273,NA,0.094526,0,A,A1571G,2
CoV_273,NA,0.111471,0,A,G3091T,2
CoV_273,NA,0.109426,0,A,C3096T,2
CoV_273,NA,0.126143,0,A,G3539T,2
CoV_273,NA,0.115302,0,A,G3871T,2
CoV_273,NA,0.087622,0,A,G5617T,2
CoV_273,NA,0.115303,0,S,C5986T,2
CoV_273,NA,0.039284,0,A,G6772C,2
CoV_273,NA,0.095408,0,A,T6978C,2
CoV_273,NA,0.046216,0,A,G7053C,2
CoV_273,NA,0.155606,0,S,T7225C,2
CoV_273,NA,0.072309,0,S,T8482G,2
CoV_273,NA,0.092893,0,S,T9694A,2
CoV_273,NA,0.051055,0,A,G9817T,2
CoV_273,NA,0.130439,0,A,T11096C,2
CoV_273,NA,0.149522,0,A,T14864C,2
CoV_273,NA,0.06717,0,A,G15850T,2
CoV_273,NA,0.066321,0,A,C15941T,2
CoV_273,NA,0.067532,0,S,T17499C,2
CoV_273,NA,0.046213,0,A,G19030A,2
CoV_273,NA,0.058755,0,S,T19857C,2
CoV_273,NA,0.060008,0,noncoding,G21558T,2
CoV_273,NA,0.133153,0,A,T21838G,2
CoV_273,NA,0.141738,0,A,G22139T,2
CoV_273,NA,0.092535,0,S,G23403A,2
CoV_273,NA,0.084057,0,S,T24238G,2
CoV_273,NA,0.108505,0,A,C24734G,2
CoV_273,NA,0.10448,0,A,A25472G,2
CoV_273,NA,0.051174,0,A,G25951T,2
CoV_273,NA,0.093963,0,S,C26464A,2
CoV_273,NA,0.131102,0,A,G26730T,2
CoV_273,NA,0.106948,0,A,A27232C,2
CoV_273,NA,0.045907,0,A,G27583T,2
CoV_273,NA,0.137786,0,A,A27872T,2
CoV_273,NA,0.062001,0,A,C28409T,2
CoV_273,NA,0.112342,0,S,C28507T,2
CoV_273,NA,0.063963,0,noncoding,G29543T,2
CoV_194,NA,0.049117,0,A,G15138T,4
CoV_194,NA,0.049117,0,A,G15138T,4
CoV_194,NA,0.049117,0,A,G15138T,4
CoV_159,CoV_168,0.034036,0.03443,A,A1072C,3
CoV_159,CoV_168,0.04001,0.035859,A,A11052C,3
CoV_159,NA,0.053793,0,A,C16580T,3
CoV_159,NA,0.04095,0,S,C19185T,3
CoV_159,CoV_169,0.034036,0.033058,A,A1072C,3
CoV_159,CoV_169,0.04001,0.037286,A,A11052C,3
CoV_159,NA,0.053793,0,A,C16580T,3
CoV_159,NA,0.04095,0,S,C19185T,3
gz4925,gz5002,0.0458477,0.105533,A,T27049C,2
gz4925,gz5087,0.0458477,0.0798807,A,T27049C,2
gz5255,gz5257,0.0328749,0.036961,S,T29575C,2
gz5255,gz5432,0.0328749,0.0478533,S,T29575C,2
gz5266,gz5265,0.0467667,0.0531528,A,T27049C,1
gz5288,gz5283,0.0339806,0.0424093,A,A1739G,6
gz5288,gz5284,0.031746,0.0478575,A,A1764G,6
gz5173,gz5317,0.0452861,0.0504181,S,T29575C,2
gz5229,gz5254,0.0499546,0.0312779,S,T29575C,3
gz5229,gz5235,0.0499546,0.0511515,S,T29575C,3
gz5237,gz5173,0.0414956,0.0452861,S,T29575C,8
gz5237,gz5228,0.0414956,0.0486908,S,T29575C,8
gz5237,gz5214,0.0414956,0.0653759,S,T29575C,8
gz5237,gz5226,0.0414956,0.0452097,S,T29575C,8
gz5237,gz5236,0.0414956,0.0540272,S,T29575C,8
gz5237,gz5238,0.0414956,0.0485857,S,T29575C,8
gz5403,gz5402,0.031769,0.0371735,A,T27049C,3
gz5403,gz5404,0.031769,0.0360599,A,T27049C,3
gz5403,gz5404,0.0369817,0.0328024,S,T29575A,3
gz5392,gz5434,0.0371124,0.0409961,S,T29575C,2
gz5392,gz5433,0.0371124,0.0370658,S,T29575C,2
gz5399,gz5402,0.0421737,0.0599402,S,T29575C,4
gz5399,gz5404,0.0421737,0.0610542,S,T29575C,4
gz5399,gz5401,0.0421737,0.0321678,S,T29575C,4
gz5423,gz5429,0.0380371,0.034807,S,T29575C,2
gz5423,gz5430,0.0380371,0.0431127,S,T29575C,2
gz5432,gz5471,0.0478533,0.0321958,S,T29575C,2
gz5443,gz5480,0.0345687,0.0304793,S,T29575C,1
