sub_type,months,signature,prop
non_syn,4.5,SBS192A,0.9164840277813652
non_syn,4.5,SBS192B,0.08351597221863472
non_syn,5.5,SBS192A,0.9191694717653505
non_syn,5.5,SBS192B,0.08083052823464959
non_syn,6.5,SBS192A,0.9241884396992536
non_syn,6.5,SBS192B,0.07581156030074632
non_syn,7.5,SBS192A,0.9161013934998351
non_syn,7.5,SBS192B,0.08389860650016492
non_syn,8.5,SBS192A,0.9013376826084885
non_syn,8.5,SBS192B,0.09866231739151161
non_syn,9.5,SBS192A,0.8840685174128801
non_syn,9.5,SBS192B,0.11593148258711997
non_syn,10.5,SBS192A,0.8540983479844438
non_syn,10.5,SBS192B,0.1459016520155563
non_syn,11.5,SBS192A,0.8411256811093738
non_syn,11.5,SBS192B,0.15887431889062614
non_syn,12.5,SBS192A,0.8081578025637891
non_syn,12.5,SBS192B,0.19184219743621095
non_syn,13.5,SBS192A,0.7983642882327708
non_syn,13.5,SBS192B,0.20163571176722916
non_syn,14.5,SBS192A,0.787338448989886
non_syn,14.5,SBS192B,0.2126615510101139
non_syn,15.5,SBS192A,0.7903475012240302
non_syn,15.5,SBS192B,0.2096524987759698
non_syn,16.5,SBS192A,0.7905723075111147
non_syn,16.5,SBS192B,0.2094276924888853
non_syn,17.5,SBS192A,0.7796707380147232
non_syn,17.5,SBS192B,0.22032926198527678
non_syn,18.5,SBS192A,0.7765316583281898
non_syn,18.5,SBS192B,0.22346834167181026
non_syn,19.5,SBS192A,0.7579930829541308
non_syn,19.5,SBS192B,0.24200691704586919
non_syn,20.5,SBS192A,0.7352455224428049
non_syn,20.5,SBS192B,0.26475447755719494
non_syn,21.5,SBS192A,0.7041870939520545
non_syn,21.5,SBS192B,0.29581290604794547
non_syn,22.5,SBS192A,0.6854832821153621
non_syn,22.5,SBS192B,0.31451671788463803
non_syn,23.5,SBS192A,0.6536677224791179
non_syn,23.5,SBS192B,0.3463322775208822
non_syn,24.5,SBS192A,0.6079317252239158
non_syn,24.5,SBS192B,0.39206827477608425
non_syn,25.5,SBS192A,0.5394342868182422
non_syn,25.5,SBS192B,0.4605657131817577
non_syn,26.5,SBS192A,0.4629425896819245
non_syn,26.5,SBS192B,0.5370574103180755
non_syn,27.5,SBS192A,0.4115484043536495
non_syn,27.5,SBS192B,0.5884515956463505
non_syn,28.5,SBS192A,0.35844803815897663
non_syn,28.5,SBS192B,0.6415519618410234
non_syn,29.5,SBS192A,0.29572177705871333
non_syn,29.5,SBS192B,0.7042782229412866
non_syn,30.5,SBS192A,0.26919624990010116
non_syn,30.5,SBS192B,0.730803750099899
non_syn,31.5,SBS192A,0.2687599600433644
non_syn,31.5,SBS192B,0.7312400399566356
non_syn,32.5,SBS192A,0.2619530749271131
non_syn,32.5,SBS192B,0.7380469250728869
non_syn,33.5,SBS192A,0.2573347407723565
non_syn,33.5,SBS192B,0.7426652592276435
non_syn,34.5,SBS192A,0.24798388754461254
non_syn,34.5,SBS192B,0.7520161124553875
non_syn,35.5,SBS192A,0.24713000813780528
non_syn,35.5,SBS192B,0.7528699918621947
non_syn,36.5,SBS192A,0.2488105556800365
non_syn,36.5,SBS192B,0.7511894443199634
non_syn,37.5,SBS192A,0.22558645865550475
non_syn,37.5,SBS192B,0.7744135413444952
non_syn,38.5,SBS192A,0.21330734118173741
non_syn,38.5,SBS192B,0.7866926588182627
non_syn,39.5,SBS192A,0.18935547228636027
non_syn,39.5,SBS192B,0.8106445277136397
non_syn,40.5,SBS192A,0.18214943088973243
non_syn,40.5,SBS192B,0.8178505691102675
non_syn,41.5,SBS192A,0.16205907151838078
non_syn,41.5,SBS192B,0.8379409284816193
non_syn,42.5,SBS192A,0.16123884195629598
non_syn,42.5,SBS192B,0.8387611580437041
syn,4.5,SBS192A,0.9051433920510082
syn,4.5,SBS192B,0.09485660794899181
syn,5.5,SBS192A,0.9074711554280287
syn,5.5,SBS192B,0.09252884457197133
syn,6.5,SBS192A,0.9123220937236236
syn,6.5,SBS192B,0.08767790627637638
syn,7.5,SBS192A,0.9018912522523265
syn,7.5,SBS192B,0.09810874774767346
syn,8.5,SBS192A,0.8857258773154699
syn,8.5,SBS192B,0.11427412268453
syn,9.5,SBS192A,0.8660407933615649
syn,9.5,SBS192B,0.1339592066384352
syn,10.5,SBS192A,0.8317402928233641
syn,10.5,SBS192B,0.16825970717663596
syn,11.5,SBS192A,0.8162550559276268
syn,11.5,SBS192B,0.18374494407237316
syn,12.5,SBS192A,0.77951632121941
syn,12.5,SBS192B,0.22048367878059005
syn,13.5,SBS192A,0.7683379485411316
syn,13.5,SBS192B,0.23166205145886837
syn,14.5,SBS192A,0.7566344895177894
syn,14.5,SBS192B,0.24336551048221047
syn,15.5,SBS192A,0.7593594581655219
syn,15.5,SBS192B,0.24064054183447817
syn,16.5,SBS192A,0.7601097445884012
syn,16.5,SBS192B,0.23989025541159872
syn,17.5,SBS192A,0.7486135728248362
syn,17.5,SBS192B,0.25138642717516374
syn,18.5,SBS192A,0.7446220892705251
syn,18.5,SBS192B,0.25537791072947497
syn,19.5,SBS192A,0.7243439435410227
syn,19.5,SBS192B,0.2756560564589773
syn,20.5,SBS192A,0.7007577987544537
syn,20.5,SBS192B,0.29924220124554635
syn,21.5,SBS192A,0.6690774887216666
syn,21.5,SBS192B,0.33092251127833344
syn,22.5,SBS192A,0.650267017656482
syn,22.5,SBS192B,0.3497329823435179
syn,23.5,SBS192A,0.6172338710709763
syn,23.5,SBS192B,0.38276612892902384
syn,24.5,SBS192A,0.5712555910450569
syn,24.5,SBS192B,0.42874440895494315
syn,25.5,SBS192A,0.5053221491501688
syn,25.5,SBS192B,0.49467785084983107
syn,26.5,SBS192A,0.4295790230465391
syn,26.5,SBS192B,0.570420976953461
syn,27.5,SBS192A,0.38156228650696705
syn,27.5,SBS192B,0.618437713493033
syn,28.5,SBS192A,0.33218243496338967
syn,28.5,SBS192B,0.6678175650366103
syn,29.5,SBS192A,0.2733930411528045
syn,29.5,SBS192B,0.7266069588471956
syn,30.5,SBS192A,0.24867791276327764
syn,30.5,SBS192B,0.7513220872367224
syn,31.5,SBS192A,0.24919186724779602
syn,31.5,SBS192B,0.7508081327522039
syn,32.5,SBS192A,0.2427075988970349
syn,32.5,SBS192B,0.7572924011029653
syn,33.5,SBS192A,0.23892997125176912
syn,33.5,SBS192B,0.761070028748231
syn,34.5,SBS192A,0.22839133642212564
syn,34.5,SBS192B,0.7716086635778744
syn,35.5,SBS192A,0.22639600943707244
syn,35.5,SBS192B,0.7736039905629274
syn,36.5,SBS192A,0.22790722237625352
syn,36.5,SBS192B,0.7720927776237465
syn,37.5,SBS192A,0.20425328619398167
syn,37.5,SBS192B,0.7957467138060184
syn,38.5,SBS192A,0.1916513051553066
syn,38.5,SBS192B,0.8083486948446933
syn,39.5,SBS192A,0.16891823346227866
syn,39.5,SBS192B,0.8310817665377213
syn,40.5,SBS192A,0.16189926541930802
syn,40.5,SBS192B,0.838100734580692
syn,41.5,SBS192A,0.14139125395954516
syn,41.5,SBS192B,0.8586087460404549
syn,42.5,SBS192A,0.14043709199605262
syn,42.5,SBS192B,0.8595629080039474
